INSERT IGNORE INTO role (name) VALUES ('ROLE_USER');
INSERT IGNORE INTO role (name) VALUES ('ROLE_ADMIN');

INSERT IGNORE INTO category (id, name) VALUES
(1, 'Laptops'),
(2, 'Phones'),
(3, 'Headphones'),
(4, 'Monitors'),
(5, 'Accessories'),
(6, 'Smart Devices');

INSERT IGNORE INTO products (product_code, name, description, price, stock, created_at, category_id) VALUES
('P001', 'MacBook Air M3', 'Lightweight laptop with M3 chip', 1599.00, 10, CURRENT_TIMESTAMP, 1),
('P002', 'Dell XPS 15', 'OLED premium developer laptop', 1899.00, 7, CURRENT_TIMESTAMP, 1),
('P003', 'HP Omen 16', 'Gaming laptop with RTX 4060', 1499.00, 9, CURRENT_TIMESTAMP, 1),
('P004', 'Asus Zenbook 14', 'Intel Evo ultrabook', 1199.00, 12, CURRENT_TIMESTAMP, 1),
('P005', 'Lenovo Legion 5', 'Ryzen-powered gaming laptop', 1399.00, 8, CURRENT_TIMESTAMP, 1),
('P006', 'iPhone 15 Pro', 'Apple flagship phone with A17', 1299.00, 15, CURRENT_TIMESTAMP, 2),
('P007', 'Samsung Galaxy S24', 'Android flagship phone', 1099.00, 20, CURRENT_TIMESTAMP, 2),
('P008', 'OnePlus 12', 'Fast and smooth Android phone', 899.00, 18, CURRENT_TIMESTAMP, 2),
('P009', 'Google Pixel 8', 'Clean Android experience', 799.00, 14, CURRENT_TIMESTAMP, 2),
('P010', 'Nothing Phone 2', 'Unique design with Glyph UI', 699.00, 10, CURRENT_TIMESTAMP, 2),
('P011', 'Sony WH-1000XM5', 'Flagship noise-cancelling headphones', 399.00, 25, CURRENT_TIMESTAMP, 3),
('P012', 'Anker Soundcore Q30', 'Budget ANC headphones', 89.00, 30, CURRENT_TIMESTAMP, 3),
('P013', 'Beats Studio Buds', 'Wireless earbuds with ANC', 149.00, 20, CURRENT_TIMESTAMP, 3),
('P014', 'JBL Flip 6', 'Portable Bluetooth speaker', 129.00, 22, CURRENT_TIMESTAMP, 3),
('P015', 'Bose QC 45', 'Premium comfort headphones', 349.00, 15, CURRENT_TIMESTAMP, 3),
('P016', 'LG UltraFine 5K', 'High-end monitor for Macs', 1299.00, 6, CURRENT_TIMESTAMP, 4),
('P017', 'Samsung Curved Monitor 32\"', 'VA panel, immersive display', 249.00, 17, CURRENT_TIMESTAMP, 4),
('P018', 'Acer Nitro XV240Y', 'Budget 165Hz gaming monitor', 199.00, 12, CURRENT_TIMESTAMP, 4),
('P019', 'ASUS ProArt Display', 'Color-accurate creative monitor', 349.00, 8, CURRENT_TIMESTAMP, 4),
('P020', 'BenQ EX3501R', 'Ultrawide curved monitor', 499.00, 5, CURRENT_TIMESTAMP, 4),
('P021', 'Logitech MX Master 3', 'Best ergonomic productivity mouse', 129.00, 35, CURRENT_TIMESTAMP, 5),
('P022', 'Apple Magic Keyboard', 'Wireless keyboard for Mac', 99.00, 25, CURRENT_TIMESTAMP, 5),
('P023', 'Razer DeathAdder V2', 'Gaming mouse with precision', 69.00, 28, CURRENT_TIMESTAMP, 5),
('P024', 'Corsair K95 RGB Platinum', 'Mechanical keyboard with macros', 199.00, 11, CURRENT_TIMESTAMP, 5),
('P025', 'TP-Link AX1800 Router', 'WiFi 6 dual-band router', 129.00, 19, CURRENT_TIMESTAMP, 5),
('P026', 'Amazon Echo Dot 5th Gen', 'Smart speaker with Alexa', 49.00, 45, CURRENT_TIMESTAMP, 6),
('P027', 'Google Nest Mini', 'Voice-controlled smart assistant', 49.00, 33, CURRENT_TIMESTAMP, 6),
('P028', 'Apple HomePod Mini', 'Siri-powered smart speaker', 99.00, 27, CURRENT_TIMESTAMP, 6),
('P029', 'Fire TV Stick 4K Max', 'Stream 4K with Alexa remote', 59.00, 38, CURRENT_TIMESTAMP, 6),
('P030', 'Fitbit Charge 6', 'Health-focused fitness tracker', 149.00, 30, CURRENT_TIMESTAMP, 6),
('P031', 'iPad Air M2', 'Tablet with Pencil support', 699.00, 14, CURRENT_TIMESTAMP, 6),
('P032', 'Galaxy Tab S9', 'High-end AMOLED Android tablet', 899.00, 17, CURRENT_TIMESTAMP, 6),
('P033', 'Realme Pad 2', 'Affordable Android tablet', 229.00, 22, CURRENT_TIMESTAMP, 6),
('P034', 'Canon EOS R50', 'Mirrorless camera with 4K', 899.00, 6, CURRENT_TIMESTAMP, 5),
('P035', 'GoPro Hero 12', 'Action camera with HyperSmooth', 499.00, 10, CURRENT_TIMESTAMP, 5),
('P036', 'Xiaomi Smart Band 8', 'AMOLED screen fitness tracker', 59.00, 40, CURRENT_TIMESTAMP, 6),
('P037', 'Garmin Venu 2', 'Smartwatch for athletes', 349.00, 12, CURRENT_TIMESTAMP, 6),
('P038', 'Amazfit Bip 3 Pro', 'GPS watch with long battery life', 79.00, 18, CURRENT_TIMESTAMP, 6),
('P039', 'Samsung Galaxy Watch 6', 'Smartwatch with One UI', 299.00, 15, CURRENT_TIMESTAMP, 6),
('P040', 'Apple Watch Series 9', 'Health and lifestyle smartwatch', 399.00, 16, CURRENT_TIMESTAMP, 6),
('P041', 'Dell Inspiron 14', 'Budget productivity laptop', 699.00, 19, CURRENT_TIMESTAMP, 1),
('P042', 'HP Pavilion 15', 'Everyday use Intel i5 laptop', 649.00, 25, CURRENT_TIMESTAMP, 1),
('P043', 'Acer Swift 3', 'Light laptop for students', 599.00, 20, CURRENT_TIMESTAMP, 1),
('P044', 'MSI GF63 Thin', 'Budget gaming laptop', 799.00, 13, CURRENT_TIMESTAMP, 1),
('P045', 'Nokia G42', 'Stock Android budget phone', 229.00, 40, CURRENT_TIMESTAMP, 2),
('P046', 'Motorola Edge 40', 'Clean UI with solid specs', 399.00, 22, CURRENT_TIMESTAMP, 2),
('P047', 'Infinix Zero 5G', 'Mid-range 5G phone', 279.00, 35, CURRENT_TIMESTAMP, 2),
('P048', 'Techno Camon 20 Pro', 'Affordable stylish Android', 199.00, 50, CURRENT_TIMESTAMP, 2),
('P049', 'Lava Blaze 5G', 'Made in India 5G budget phone', 189.00, 27, CURRENT_TIMESTAMP, 2),
('P050', 'Itel S23+', 'Curved AMOLED on a budget', 179.00, 30, CURRENT_TIMESTAMP, 2);
